sec_code,edinet_code
13760,E00004
13770,E00006
13750,E00007
13790,E00008
13810,E00009
13820,E00010
19110,E00011
13010,E00012
13320,E00014
13330,E00015
57110,E00021
57130,E00023
57060,E00024
57290,E00026
14910,E00027
57140,E00028
33150,E00030
57150,E00032
88350,E00034
70210,E00035
15150,E00036
15180,E00037
16620,E00041
16050,E00043
19250,E00048
18010,E00052
18030,E00053
18020,E00055
18610,E00056
18120,E00058
18870,E00059
18200,E00060
18100,E00064
18150,E00065
18820,E00066
18110,E00069
19410,E00073
19420,E00074
19440,E00075
19460,E00076
18920,E00079
18850,E00080
18880,E00081
18330,E00083
18930,E00086
18080,E00090
19450,E00092
18140,E00093
19510,E00094
18220,E00095
18130,E00097
19260,E00098
18270,E00105
19610,E00107
19720,E00109
18350,E00112
19680,E00113
19500,E00115
18470,E00117
18500,E00118
19640,E00119
18520,E00120
18260,E00121
18530,E00130
18970,E00133
19340,E00137
19670,E00138
19290,E00142
19280,E00143
19590,E00146
18600,E00147
18700,E00148
19690,E00149
19750,E00153
81570,E00157
19760,E00161
88360,E00165
18070,E00167
19820,E00168
19600,E00173
18660,E00175
18980,E00176
18670,E00179
19390,E00181
19920,E00182
19790,E00183
19380,E00185
97670,E00187
19810,E00189
19800,E00194
18990,E00196
18730,E00197
18690,E00201
19140,E00204
19300,E00207
97430,E00208
19660,E00209
18780,E00218
18790,E00221
19940,E00222
19650,E00225
19520,E00227
19050,E00232
19040,E00233
18480,E00238
18440,E00239
18400,E00240
18280,E00242
19970,E00246
19990,E00248
17990,E00250
17980,E00251
17950,E00254
17930,E00255
17880,E00259
17870,E00260
17830,E00263
17800,E00268
17770,E00271
17760,E00272
17710,E00276
17700,E00277
17680,E00279
17660,E00281
17640,E00282
17620,E00285
17580,E00287
17360,E00304
89040,E00311
17260,E00312
17230,E00313
17180,E00315
17200,E00316
17190,E00317
17160,E00320
17210,E00322
14010,E00323
14070,E00327
14140,E00329
22640,E00331
22820,E00334
22810,E00335
22660,E00337
22910,E00341
22920,E00342
22930,E00343
13800,E00344
20010,E00345
20020,E00346
20030,E00347
20040,E00348
20090,E00351
21080,E00355
21090,E00356
21140,E00360
21120,E00361
22010,E00369
22090,E00371
22040,E00372
22060,E00373
22110,E00374
22120,E00375
22070,E00376
22150,E00377
22160,E00378
22080,E00380
22170,E00381
22180,E00382
22200,E00385
22210,E00386
22220,E00387
22240,E00388
22260,E00389
33460,E00390
25010,E00393
25020,E00394
25030,E00395
25310,E00396
25330,E00397
25400,E00400
22670,E00406
25730,E00408
409A0,E00410
25930,E00414
25790,E00417
25510,E00422
25900,E00424
26020,E00428
26070,E00431
26120,E00433
26130,E00434
28010,E00435
28020,E00436
20530,E00439
28920,E00442
22860,E00443
28110,E00444
28710,E00446
28720,E00447
42290,E00448
28050,E00452
28940,E00453
20550,E00454
80060,E00456
28970,E00457
22880,E00458
28750,E00461
28100,E00462
28090,E00464
28060,E00465
28040,E00466
250A0,E00467
29010,E00471
29020,E00472
29030,E00473
22680,E00474
29040,E00476
28130,E00478
29070,E00480
29080,E00481
29100,E00482
28140,E00484
28150,E00486
29110,E00487
28760,E00488
25940,E00491
29140,E00492
29150,E00493
29160,E00494
29170,E00495
29180,E00496
29190,E00497
28770,E00498
28160,E00501
20580,E00502
25970,E00505
29220,E00506
28310,E00508
29230,E00510
29240,E00511
28180,E00513
28190,E00514
29260,E00515
29280,E00518
30020,E00520
30100,E00521
30030,E00523
30010,E00524
31010,E00525
31030,E00527
31060,E00528
31070,E00529
31090,E00530
31110,E00531
31230,E00534
31160,E00540
31130,E00541
31100,E00542
31040,E00543
31050,E00544
31210,E00545
32020,E00547
32050,E00550
32010,E00552
32040,E00556
33060,E00558
33020,E00559
35690,E00562
35770,E00563
34090,E00566
35290,E00567
35710,E00569
80910,E00570
80130,E00571
35130,E00572
35120,E00573
35010,E00574
35210,E00576
35240,E00578
35830,E00584
30110,E00585
35910,E00590
35800,E00591
80110,E00593
81270,E00600
81110,E00603
80290,E00604
81430,E00605
35970,E00607
99800,E00609
36000,E00610
36070,E00617
78980,E00630
78220,E00631
78970,E00632
78960,E00633
78870,E00635
78790,E00636
78270,E00639
78200,E00640
38610,E00642
38640,E00644
38650,E00645
38770,E00649
38780,E00650
79190,E00652
39410,E00659
38800,E00660
39440,E00664
79750,E00667
39470,E00668
39460,E00669
79840,E00670
39500,E00674
39450,E00675
39430,E00677
81130,E00678
79870,E00679
39530,E00682
38910,E00685
39540,E00686
38920,E00687
39550,E00688
38950,E00690
37080,E00691
79110,E00692
79120,E00693
79140,E00695
79160,E00696
79150,E00703
79180,E00705
94700,E00707
39480,E00708
94710,E00709
79210,E00710
79460,E00711
79220,E00712
39510,E00714
79010,E00715
78930,E00716
94740,E00717
78830,E00719
78750,E00720
94750,E00721
78700,E00722
94760,E00723
78680,E00724
78640,E00725
94780,E00728
78570,E00730
78630,E00734
78500,E00735
78490,E00736
23760,E00744
23880,E00745
78310,E00748
40040,E00751
40050,E00752
40080,E00755
40210,E00759
40220,E00760
40230,E00761
40250,E00762
40260,E00763
40270,E00764
40280,E00765
40410,E00766
40420,E00767
40430,E00768
40440,E00769
40450,E00770
40460,E00771
40470,E00772
40610,E00774
40620,E00775
40630,E00776
40640,E00777
40780,E00780
40970,E00781
40910,E00783
40920,E00784
40940,E00786
40930,E00787
40310,E00789
41020,E00791
40880,E00792
61370,E00794
40980,E00796
44620,E00804
41090,E00805
40820,E00806
41880,E00808
41120,E00809
41130,E00810
41140,E00811
41820,E00815
41510,E00816
42020,E00818
42030,E00819
42040,E00820
42050,E00821
42060,E00824
49960,E00828
78710,E00829
42160,E00830
46200,E00832
42210,E00834
42720,E00836
43670,E00837
42200,E00838
42220,E00839
41830,E00840
40990,E00841
41000,E00842
42280,E00845
58160,E00846
45310,E00848
42740,E00850
43620,E00852
41860,E00854
41870,E00855
79420,E00858
79250,E00861
78940,E00863
78880,E00866
78860,E00867
49600,E00868
42420,E00871
34010,E00872
34020,E00873
34050,E00876
34070,E00877
44010,E00878
41180,E00879
44030,E00880
44040,E00881
44060,E00882
44520,E00883
44710,E00884
44610,E00885
44090,E00886
44630,E00887
43650,E00888
44650,E00890
46110,E00891
46120,E00892
46130,E00893
46150,E00895
46160,E00896
46170,E00897
40950,E00898
41190,E00899
46190,E00900
46310,E00901
41160,E00902
46340,E00903
46350,E00904
46330,E00905
41200,E00906
46230,E00909
46240,E00910
46250,E00911
79530,E00912
46260,E00913
46270,E00915
46280,E00916
46290,E00917
45020,E00919
45030,E00920
45060,E00922
45070,E00923
88410,E00926
45120,E00928
45160,E00931
45190,E00932
45210,E00935
49970,E00937
45230,E00939
45240,E00941
45270,E00942
45300,E00944
45280,E00945
45340,E00947
45590,E00948
45360,E00949
45260,E00952
45380,E00953
45390,E00957
45490,E00961
45470,E00962
45440,E00967
45480,E00970
45520,E00973
45530,E00974
45540,E00975
45560,E00977
45650,E00981
45680,E00984
45690,E00985
45700,E00986
45720,E00987
49010,E00988
49020,E00989
49110,E00990
49120,E00991
49140,E00993
35530,E00994
79710,E00995
35510,E00996
42180,E01000
49920,E01001
42080,E01002
50100,E01005
43610,E01006
49980,E01007
42120,E01008
49950,E01009
43660,E01014
49850,E01015
45400,E01018
49510,E01019
44100,E01020
42310,E01024
49170,E01027
41070,E01028
79280,E01031
79270,E01032
49580,E01034
49180,E01035
49190,E01039
49200,E01040
49660,E01045
49670,E01047
49680,E01048
49220,E01049
49700,E01051
42340,E01052
78560,E01053
49710,E01054
49720,E01055
43680,E01056
44640,E01057
49940,E01058
49230,E01059
49730,E01060
42350,E01061
49250,E01063
29270,E01064
49750,E01065
42410,E01066
49760,E01068
81310,E01074
81320,E01075
50110,E01077
50130,E01080
50160,E01081
50180,E01083
50190,E01084
51010,E01085
51080,E01086
51030,E01088
51050,E01090
51950,E01092
51210,E01094
51940,E01095
51420,E01096
51920,E01098
51220,E01100
42240,E01103
51890,E01107
72820,E01108
51990,E01109
51100,E01110
51860,E01111
51610,E01112
51850,E01113
51840,E01114
51620,E01115
79380,E01118
79320,E01120
52020,E01121
52010,E01122
52040,E01123
77410,E01124
52100,E01126
52320,E01127
52330,E01130
53550,E01131
53430,E01135
53340,E01136
53330,E01137
53320,E01138
53310,E01139
53020,E01140
53370,E01141
52690,E01142
52680,E01143
53510,E01146
53570,E01147
53630,E01149
53930,E01151
52080,E01152
52610,E01156
52620,E01157
18710,E01161
53010,E01162
53910,E01163
79950,E01164
52710,E01165
52370,E01166
52730,E01169
52180,E01170
49900,E01172
53040,E01173
53410,E01176
53420,E01177
53560,E01180
69710,E01182
79790,E01183
53670,E01188
52140,E01190
53880,E01195
52790,E01200
52800,E01202
53860,E01204
52160,E01205
52820,E01206
53840,E01207
52830,E01208
53440,E01210
52840,E01211
52850,E01212
52870,E01216
53810,E01218
53800,E01219
77460,E01221
52880,E01222
53100,E01223
54010,E01225
54080,E01229
72310,E01230
54060,E01231
56310,E01232
56320,E01233
54820,E01234
54100,E01235
56090,E01236
54710,E01239
54800,E01242
54840,E01245
54510,E01247
54610,E01251
54630,E01253
55410,E01254
55630,E01256
55420,E01257
54440,E01259
54460,E01260
54230,E01261
54490,E01262
54110,E01264
54400,E01266
63260,E01267
56020,E01268
56030,E01269
54580,E01275
54910,E01276
64390,E01277
56590,E01280
56600,E01282
56120,E01283
56070,E01284
56580,E01287
54450,E01292
56950,E01294
56970,E01296
34230,E01298
57210,E01300
57270,E01301
58520,E01303
57530,E01305
57070,E01308
54640,E01315
59380,E01317
57020,E01318
59280,E01320
57570,E01321
74140,E01324
59000,E01325
57260,E01327
58560,E01329
57410,E01330
57420,E01331
58010,E01332
58020,E01333
58030,E01334
58050,E01336
58170,E01348
58190,E01350
58200,E01351
58210,E01352
59010,E01353
59020,E01354
59110,E01355
59150,E01362
59180,E01364
59220,E01365
59740,E01366
59910,E01367
59520,E01368
59550,E01369
59420,E01370
63060,E01372
59230,E01373
61360,E01377
59810,E01378
58510,E01379
59670,E01380
59210,E01381
59750,E01382
59290,E01385
59620,E01391
59980,E01393
19210,E01394
59940,E01396
99300,E01398
59760,E01400
59850,E01402
59690,E01403
59920,E01405
59050,E01408
59580,E01409
59860,E01411
59590,E01412
59300,E01413
64860,E01414
59360,E01415
59470,E01417
59660,E01420
59500,E01421
59400,E01422
59390,E01425
59450,E01426
59510,E01427
79390,E01428
59330,E01430
59970,E01431
64840,E01434
59900,E01435
59840,E01437
59880,E01438
59830,E01439
59730,E01441
59710,E01442
34330,E01443
59090,E01444
59410,E01445
59870,E01446
59790,E01448
34210,E01451
34220,E01452
64690,E01454
64670,E01456
78410,E01459
34310,E01461
34350,E01462
34370,E01464
62640,E01465
34420,E01466
60130,E01469
60180,E01471
60160,E01474
60220,E01475
60230,E01477
60050,E01478
61010,E01480
61030,E01481
61040,E01482
61130,E01486
61380,E01488
61250,E01493
61340,E01495
61350,E01496
61400,E01499
61410,E01502
61420,E01503
61430,E01504
62780,E01505
61460,E01506
61470,E01507
61500,E01508
61510,E01509
61550,E01510
61580,E01511
62010,E01514
62030,E01515
62080,E01518
62180,E01521
62170,E01524
62100,E01528
63910,E01529
62220,E01531
63010,E01532
63020,E01533
63600,E01534
63310,E01536
63320,E01537
63340,E01538
63350,E01539
63390,E01541
63610,E01542
63650,E01544
61180,E01545
63780,E01546
63420,E01547
62450,E01548
61110,E01550
63830,E01551
63810,E01554
63100,E01563
63160,E01568
63660,E01569
63670,E01570
63680,E01571
63690,E01572
63700,E01573
19630,E01575
63790,E01577
63710,E01578
63800,E01581
63900,E01583
63170,E01584
63050,E01585
77190,E01587
67280,E01589
64360,E01590
63760,E01591
72590,E01593
64480,E01594
64450,E01595
64400,E01596
64630,E01599
64710,E01600
64720,E01601
64730,E01602
64740,E01603
64790,E01607
64920,E01609
63580,E01610
63930,E01612
63950,E01613
63250,E01617
63430,E01620
64060,E01622
64950,E01624
63820,E01627
62460,E01628
63460,E01629
45430,E01630
64800,E01631
63570,E01632
63960,E01635
63630,E01636
62820,E01642
62470,E01643
72550,E01644
64900,E01645
64030,E01646
64080,E01647
64940,E01648
64960,E01649
64570,E01650
63470,E01651
64970,E01652
64550,E01653
64650,E01654
79860,E01656
63450,E01657
59460,E01659
64980,E01660
63300,E01661
63510,E01662
63640,E01663
63400,E01666
63490,E01667
64580,E01669
62720,E01670
64890,E01672
62730,E01673
62760,E01675
62770,E01676
62790,E01677
64810,E01678
62840,E01682
64880,E01683
62860,E01684
62870,E01685
98950,E01686
59530,E01688
62890,E01690
61490,E01692
64850,E01693
62920,E01694
62940,E01696
64180,E01698
63070,E01704
63090,E01705
63150,E01708
64820,E01710
63220,E01711
63240,E01712
63270,E01713
63280,E01714
63380,E01715
64660,E01716
68340,E01717
64280,E01718
63840,E01719
64020,E01721
64320,E01723
64050,E01724
62690,E01725
62680,E01726
64330,E01727
62650,E01728
61570,E01729
61610,E01730
62620,E01731
62580,E01733
62550,E01734
62540,E01735
65010,E01737
65030,E01739
65040,E01740
65060,E01741
65050,E01742
65070,E01743
65080,E01744
66430,E01747
66230,E01748
66220,E01750
65130,E01751
66440,E01752
65840,E01753
66480,E01754
66450,E01755
65900,E01757
65170,E01758
66510,E01759
66530,E01760
63330,E01761
66370,E01764
67010,E01765
67020,E01766
67030,E01767
67410,E01769
67420,E01770
67520,E01772
67530,E01773
67540,E01774
67580,E01777
67620,E01780
67630,E01782
67680,E01786
67070,E01790
67700,E01793
67750,E01795
67940,E01797
68480,E01798
67450,E01802
67440,E01803
67980,E01805
65160,E01806
67790,E01807
68000,E01808
67720,E01811
67760,E01813
68040,E01815
67430,E01816
69890,E01817
67710,E01819
68820,E01821
69760,E01824
68070,E01828
68090,E01831
79440,E01834
68140,E01839
69860,E01841
68230,E01842
68640,E01847
67180,E01849
68200,E01850
18320,E01855
69050,E01856
69040,E01857
68220,E01859
68380,E01864
68350,E01867
67770,E01870
67240,E01873
66750,E01874
66590,E01875
68410,E01878
68450,E01879
69230,E01880
65880,E01884
69010,E01885
68440,E01887
69880,E01888
69930,E01891
69020,E01892
69550,E01896
67060,E01897
69950,E01898
69940,E01899
68560,E01901
69990,E01902
68490,E01903
69960,E01904
69510,E01905
69770,E01906
69980,E01907
64070,E01909
66470,E01912
64440,E01913
69810,E01914
69820,E01916
65860,E01920
68530,E01921
69970,E01926
69260,E01928
69250,E01929
61440,E01930
68030,E01932
69690,E01933
69520,E01935
68060,E01939
68460,E01940
65920,E01944
69540,E01946
68100,E01947
68570,E01950
66520,E01951
69620,E01952
69630,E01953
69640,E01954
69650,E01955
97660,E01956
69580,E01959
64590,E01961
69470,E01966
68610,E01967
69460,E01968
68170,E01971
69430,E01974
65940,E01975
68620,E01977
69420,E01978
69410,E01979
61450,E01981
67480,E01984
69320,E01986
68190,E01987
69290,E01988
69280,E01989
69200,E01991
69190,E01992
69180,E01993
69150,E01995
77110,E01997
69140,E01998
68660,E01999
79310,E02002
69120,E02004
68670,E02005
64200,E02006
66540,E02007
62980,E02008
69080,E02009
74350,E02011
65180,E02012
68990,E02013
68690,E02015
68980,E02016
68970,E02017
68700,E02020
68940,E02021
68900,E02024
64240,E02025
68240,E02027
66550,E02028
68710,E02030
68740,E02039
68770,E02040
68750,E02042
68550,E02043
68400,E02045
78590,E02046
63360,E02047
68370,E02048
63370,E02049
68320,E02051
67970,E02055
67870,E02056
67860,E02057
67850,E02058
67270,E02059
63870,E02060
67690,E02062
67570,E02065
67500,E02066
67370,E02069
67360,E02070
67340,E02072
64300,E02073
67310,E02075
69270,E02076
67300,E02077
67230,E02081
67210,E02083
66760,E02086
66740,E02089
66700,E02090
66680,E02092
66660,E02093
66640,E02095
78360,E02096
66630,E02097
66620,E02100
34360,E02103
72130,E02105
66580,E02109
66380,E02114
66350,E02116
66330,E02120
34410,E02121
70030,E02123
70040,E02124
70110,E02126
70120,E02127
70130,E02128
70140,E02129
70180,E02131
71020,E02134
71050,E02136
71220,E02138
72760,E02140
72010,E02142
72020,E02143
72030,E02144
72050,E02146
72420,E02147
72220,E02150
72700,E02152
72460,E02154
72360,E02155
72350,E02158
72380,E02161
72830,E02162
72610,E02163
72670,E02166
72690,E02167
72720,E02168
72260,E02170
60420,E02171
72470,E02172
63560,E02173
72560,E02174
72450,E02175
72400,E02176
72440,E02177
63920,E02180
72540,E02183
56440,E02185
64930,E02189
59490,E02194
72410,E02195
64700,E02199
72770,E02201
72780,E02203
72790,E02204
72800,E02205
72390,E02210
72110,E02213
72870,E02214
72910,E02216
72920,E02217
72940,E02219
72960,E02221
59890,E02222
72970,E02223
72990,E02225
72730,E02226
72710,E02227
59700,E02228
72120,E02229
72660,E02231
72650,E02232
72270,E02233
72640,E02234
72290,E02236
72200,E02237
72190,E02238
72180,E02241
72170,E02242
34340,E02245
72150,E02246
72140,E02247
72080,E02248
72240,E02252
73090,E02257
73050,E02258
77010,E02265
77210,E02266
77230,E02267
77260,E02269
77270,E02270
77310,E02271
77330,E02272
77510,E02274
77520,E02275
80500,E02280
77620,E02281
77340,E02285
68500,E02286
77350,E02288
77290,E02289
69660,E02293
77690,E02294
59570,E02296
77390,E02301
77020,E02303
69600,E02304
79990,E02305
68580,E02306
68590,E02307
77400,E02308
35930,E02315
77440,E02322
77130,E02323
68880,E02324
77710,E02325
63230,E02328
77150,E02329
77160,E02331
67880,E02333
77170,E02334
77220,E02335
77250,E02336
77090,E02337
77070,E02338
77300,E02340
67780,E02342
61560,E02343
77450,E02344
66780,E02345
66770,E02346
42370,E02348
77470,E02349
62660,E02350
77600,E02352
77490,E02354
66560,E02356
77740,E02357
79510,E02362
79520,E02363
79920,E02365
79760,E02366
79740,E02367
79940,E02369
79720,E02371
79970,E02372
79810,E02373
79830,E02376
79910,E02377
79360,E02378
59430,E02379
73130,E02380
64540,E02381
79900,E02382
79800,E02383
79850,E02385
79880,E02386
72840,E02387
79700,E02388
79890,E02389
69610,E02390
79660,E02394
79650,E02395
79630,E02396
79620,E02398
79570,E02402
64120,E02403
79560,E02404
79550,E02406
79500,E02407
79490,E02408
59060,E02409
64130,E02410
68630,E02411
79470,E02412
77430,E02414
79430,E02415
51870,E02416
96970,E02417
64170,E02419
62910,E02421
79170,E02423
64190,E02424
79080,E02425
79060,E02427
79020,E02428
69070,E02431
78850,E02435
59820,E02438
78780,E02439
78770,E02441
59560,E02442
78740,E02444
59650,E02445
73990,E02447
59030,E02448
78670,E02450
64250,E02452
78600,E02453
48160,E02458
78510,E02459
64000,E02462
78470,E02464
78460,E02466
78440,E02467
62670,E02469
78390,E02470
78400,E02472
49740,E02474
64600,E02475
42380,E02477
61590,E02478
37910,E02480
78320,E02481
42400,E02483
29290,E02484
78260,E02485
62570,E02488
38510,E02489
43690,E02490
34390,E02491
78210,E02492
34400,E02493
42430,E02494
80010,E02497
80020,E02498
80070,E02501
80930,E02503
80150,E02505
80200,E02506
80140,E02509
80320,E02510
80610,E02512
80310,E02513
80570,E02515
92740,E02516
80980,E02517
80840,E02518
80160,E02521
80750,E02522
80740,E02525
80700,E02527
80530,E02528
80580,E02529
80410,E02530
80180,E02534
80650,E02535
30040,E02542
82910,E02544
30230,E02547
31760,E02548
81010,E02549
80120,E02552
74850,E02553
80780,E02554
80510,E02560
80760,E02561
81030,E02563
80300,E02566
80880,E02567
19480,E02569
80770,E02570
80390,E02571
80520,E02572
80430,E02574
28740,E02576
80590,E02578
80850,E02579
80810,E02580
80890,E02584
80950,E02585
80250,E02588
80660,E02602
423A0,E02604
81290,E02608
81040,E02610
80560,E02611
80450,E02615
80460,E02616
81250,E02618
80080,E02621
81050,E02627
81070,E02628
74590,E02632
81580,E02635
81150,E02639
81170,E02642
81330,E02643
80600,E02644
81180,E02645
81450,E02646
81190,E02647
81230,E02650
80350,E02652
81360,E02655
81370,E02656
81380,E02658
81390,E02660
81410,E02664
81420,E02665
81440,E02666
81470,E02668
81500,E02671
81510,E02672
81520,E02673
81530,E02675
81540,E02676
81590,E02678
80400,E02679
80790,E02681
80370,E02682
80230,E02683
80710,E02684
49560,E02686
80860,E02688
82830,E02691
82850,E02692
82750,E02693
82280,E02698
82260,E02699
98300,E02701
98370,E02703
98420,E02706
98450,E02708
98490,E02711
98570,E02713
98560,E02714
98670,E02718
98690,E02719
98720,E02722
98800,E02724
98850,E02727
98880,E02728
98890,E02729
98960,E02732
98820,E02735
98160,E02738
98180,E02739
98200,E02740
98240,E02742
98270,E02743
99020,E02745
99060,E02747
99080,E02749
99130,E02752
99140,E02753
99290,E02759
99320,E02760
99340,E02761
99410,E02762
99550,E02765
36120,E02767
99600,E02769
99620,E02770
35980,E02773
99720,E02774
99730,E02775
99820,E02776
99840,E02778
99860,E02779
99870,E02780
99910,E02782
99960,E02786
82250,E02787
74130,E02791
74170,E02792
74220,E02794
74250,E02797
74260,E02798
50150,E02800
74270,E02801
74330,E02802
74340,E02803
74380,E02804
74420,E02805
74430,E02806
74440,E02807
74470,E02809
74460,E02810
31530,E02812
74410,E02813
75380,E02818
74560,E02821
74610,E02823
74580,E02824
74600,E02825
74630,E02826
74660,E02827
74750,E02832
74720,E02833
74760,E02835
74770,E02836
74810,E02837
74800,E02838
74820,E02839
74830,E02840
74860,E02841
74870,E02842
74880,E02843
74900,E02845
75000,E02847
75010,E02848
75040,E02850
75100,E02851
75210,E02855
75250,E02856
75270,E02858
75310,E02861
75370,E02864
75390,E02865
75520,E02869
75510,E02870
75550,E02871
75650,E02875
34200,E02876
72280,E02877
75670,E02878
75700,E02879
75750,E02881
78650,E02882
75900,E02888
75930,E02889
75990,E02892
76000,E02894
76020,E02895
76070,E02896
76080,E02897
76090,E02898
76130,E02900
76190,E02902
76240,E02903
76280,E02905
47430,E02909
26540,E02917
34260,E02920
26670,E02922
26680,E02923
26700,E02925
26760,E02927
26890,E02928
26920,E02931
26930,E02932
27000,E02934
27080,E02938
27370,E02946
27330,E02947
27500,E02952
27510,E02953
27600,E02955
27680,E02958
27760,E02960
27840,E02962
27880,E02963
27950,E02964
33200,E02967
33210,E02968
33230,E02971
33500,E02978
33550,E02979
78370,E02980
33590,E02982
33740,E02986
33770,E02988
33840,E02989
33860,E02991
33880,E02992
33920,E02994
30350,E02995
30240,E02997
30360,E02998
30380,E02999
30450,E03000
30550,E03003
30700,E03004
30790,E03005
30760,E03006
30890,E03007
82330,E03013
82370,E03017
82420,E03020
82440,E03021
82470,E03025
82600,E03032
80220,E03036
82520,E03040
82530,E03041
82540,E03044
81740,E03051
81730,E03052
80050,E03054
82670,E03061
82730,E03068
81300,E03071
81900,E03072
81350,E03076
81850,E03077
82760,E03081
81940,E03083
81980,E03087
81630,E03090
81650,E03092
81660,E03093
81670,E03094
82000,E03099
82020,E03101
82030,E03103
82070,E03108
82090,E03110
82140,E03116
82780,E03118
82170,E03119
82180,E03120
81600,E03121
82190,E03124
82820,E03128
82810,E03129
82890,E03132
82550,E03133
82300,E03134
82270,E03137
98320,E03138
98310,E03139
98350,E03141
98430,E03144
98500,E03145
98460,E03146
98530,E03147
98540,E03148
98610,E03153
98780,E03160
98760,E03163
98870,E03164
98900,E03166
98120,E03169
98230,E03173
98280,E03176
99000,E03178
99030,E03179
79370,E03180
99040,E03181
99270,E03186
99460,E03188
99360,E03193
99420,E03196
99480,E03199
99500,E03202
99560,E03207
99590,E03208
99690,E03213
99740,E03216
99830,E03217
99760,E03219
99780,E03221
99790,E03223
99900,E03225
99890,E03226
99940,E03227
99930,E03228
99970,E03229
74120,E03231
74160,E03233
74190,E03235
74210,E03236
74450,E03240
74500,E03245
74530,E03248
74640,E03251
74620,E03252
74940,E03259
75050,E03264
75060,E03266
75080,E03267
75120,E03268
75090,E03269
75130,E03270
75140,E03271
75150,E03272
75160,E03273
75200,E03274
75220,E03275
75230,E03276
75240,E03278
75320,E03280
78720,E03281
22940,E03283
75440,E03286
75450,E03287
45580,E03289
75500,E03291
75540,E03293
75610,E03294
75620,E03295
75640,E03296
75710,E03299
75780,E03304
75810,E03305
75850,E03306
75960,E03310
76010,E03312
76030,E03313
76040,E03314
76060,E03316
76140,E03317
76110,E03318
76100,E03319
76150,E03320
76160,E03321
76210,E03324
76250,E03327
76300,E03329
76340,E03330
76360,E03331
76370,E03332
76380,E03333
76400,E03336
76430,E03340
94410,E03342
76460,E03343
76490,E03344
68360,E03346
26520,E03347
26530,E03349
26590,E03352
26660,E03355
26640,E03356
26690,E03358
26730,E03360
26740,E03361
26780,E03363
26830,E03365
27020,E03366
26810,E03367
26850,E03368
26860,E03370
26870,E03372
26940,E03374
26950,E03375
26980,E03377
43370,E03379
27050,E03380
27220,E03386
27260,E03387
27350,E03391
27360,E03392
23050,E03393
27420,E03395
27470,E03397
27530,E03398
27300,E03399
27520,E03400
27620,E03404
27630,E03405
27640,E03406
27670,E03407
27340,E03408
27690,E03409
27780,E03415
27800,E03416
27820,E03418
27900,E03421
27890,E03422
27910,E03423
27920,E03424
27980,E03428
33170,E03432
33260,E03434
33290,E03436
33330,E03439
33530,E03443
33490,E03446
33520,E03447
33600,E03450
33580,E03451
33610,E03454
33700,E03456
33720,E03457
33750,E03460
33820,E03462
33910,E03464
30210,E03465
33960,E03467
33970,E03468
33990,E03470
30460,E03471
30200,E03472
30300,E03473
30320,E03474
30280,E03475
30340,E03476
30530,E03478
30480,E03481
30470,E03482
30670,E03485
30580,E03487
30500,E03489
30650,E03490
262A0,E03492
78230,E03493
30590,E03494
30630,E03495
30680,E03496
30640,E03497
30830,E03498
30660,E03500
30770,E03505
30710,E03506
30750,E03507
30690,E03508
30800,E03509
30820,E03512
31970,E03515
30860,E03516
30910,E03517
30870,E03518
30880,E03519
30930,E03520
30990,E03521
30960,E03524
30970,E03528
83030,E03530
83040,E03531
83450,E03543
83490,E03544
83410,E03545
83430,E03546
83440,E03549
83460,E03550
83380,E03552
83340,E03554
83360,E03555
83310,E03556
83370,E03557
83600,E03562
83590,E03563
83650,E03565
83620,E03567
83610,E03568
83580,E03571
83640,E03572
83680,E03574
83660,E03575
83670,E03580
83700,E03581
83830,E03582
83810,E03583
83880,E03587
83860,E03588
83870,E03590
83980,E03592
83920,E03596
83930,E03597
83950,E03599
83990,E03602
83060,E03606
83080,E03610
83090,E03611
83160,E03614
84110,E03615
83770,E03618
58380,E03621
84180,E03622
84100,E03623
83540,E03624
85240,E03632
85510,E03634
85620,E03637
85500,E03639
85580,E03640
85440,E03641
85370,E03645
71840,E03646
85220,E03652
85410,E03663
84160,E03664
85600,E03669
85540,E03670
85590,E03673
85630,E03674
85420,E03678
71500,E03679
85110,E03688
85720,E03693
85180,E03695
87470,E03716
87460,E03717
85150,E03721
87420,E03723
85080,E03724
84210,E03729
87370,E03733
87050,E03739
87830,E03740
21340,E03745
87720,E03746
86040,E03752
86010,E03753
86090,E03756
86130,E03760
86220,E03762
87080,E03763
86160,E03764
86140,E03768
86990,E03770
86240,E03772
87060,E03784
87070,E03788
87000,E03792
86170,E03793
37720,E03801
86280,E03807
86970,E03814
86980,E03815
87040,E03819
87660,E03847
87950,E03851
87250,E03854
88010,E03855
88020,E03856
88030,E03858
88040,E03859
97060,E03863
88180,E03867
88300,E03907
88440,E03938
88480,E03943
88500,E03945
88600,E03953
88640,E03958
88690,E03967
46810,E03969
88710,E03971
88770,E03977
88810,E03984
88870,E03989
88910,E03991
88920,E03992
88940,E03993
88970,E03997
89120,E04008
89140,E04011
89170,E04013
89180,E04015
89200,E04018
89230,E04021
89270,E04024
89280,E04025
89310,E04029
89340,E04031
89350,E04032
89380,E04034
89440,E04038
89460,E04039
89990,E04044
89960,E04048
89950,E04049
32310,E04060
32360,E04064
32380,E04065
32410,E04068
32420,E04069
32450,E04072
32460,E04075
32480,E04077
32600,E04086
90070,E04088
90060,E04089
90050,E04090
90090,E04091
90080,E04092
90100,E04093
90010,E04094
90030,E04097
90480,E04101
90410,E04102
90420,E04103
90450,E04105
90440,E04106
90490,E04108
90460,E04109
90310,E04110
90330,E04123
90520,E04125
90120,E04136
90200,E04147
90210,E04148
90220,E04149
90230,E04153
90240,E04154
90170,E04155
90810,E04158
90820,E04159
90830,E04160
90850,E04161
90680,E04178
90690,E04179
90670,E04182
90640,E04187
90720,E04191
90590,E04194
90630,E04195
90730,E04197
90760,E04198
90600,E04206
90570,E04209
93690,E04213
90510,E04215
90400,E04217
90390,E04218
90370,E04220
90360,E04221
90350,E04222
90340,E04223
23840,E04224
90290,E04228
90280,E04230
90270,E04232
32320,E04233
91010,E04235
91040,E04236
91070,E04237
91100,E04239
91150,E04242
91190,E04243
91270,E04246
93630,E04247
91300,E04251
91710,E04254
91730,E04256
92010,E04272
92020,E04273
92330,E04275
93010,E04283
93020,E04284
93030,E04285
93040,E04286
93060,E04287
93080,E04288
93100,E04289
93240,E04290
93050,E04291
93120,E04293
93070,E04294
93130,E04296
93190,E04304
93220,E04317
93510,E04321
93530,E04322
93110,E04323
90650,E04324
93550,E04326
90740,E04327
93570,E04328
93800,E04329
93590,E04330
80970,E04331
90750,E04334
91930,E04336
93600,E04337
93610,E04339
90250,E04341
93620,E04342
93640,E04345
93650,E04346
97260,E04348
93660,E04353
90870,E04354
93670,E04356
93680,E04357
96030,E04358
93760,E04365
93810,E04369
94010,E04375
94020,E04376
94050,E04380
94070,E04382
94080,E04399
94040,E04410
94090,E04414
94330,E04425
94340,E04426
48390,E04427
94320,E04430
94360,E04460
46760,E04462
94240,E04473
94450,E04476
48380,E04478
38340,E04496
94120,E04497
95010,E04498
95030,E04499
95090,E04500
95060,E04501
95020,E04502
95050,E04503
95040,E04504
95070,E04505
95080,E04506
95110,E04509
95130,E04510
95340,E04511
95310,E04514
95390,E04515
95430,E04516
95330,E04517
95370,E04519
95320,E04520
95350,E04521
95360,E04523
97010,E04535
97040,E04538
97080,E04539
97130,E04540
97230,E04550
97220,E04560
97200,E04566
96010,E04582
96020,E04583
96050,E04585
96330,E04589
96350,E04591
96360,E04592
96430,E04596
96320,E04599
96720,E04603
96610,E04606
96640,E04609
96790,E04691
96560,E04693
46500,E04704
46610,E04707
46800,E04710
23400,E04727
21570,E04751
97310,E04754
43240,E04760
85910,E04762
97650,E04764
85840,E04768
97350,E04773
85850,E04775
97630,E04777
81790,E04783
81810,E04784
85930,E04788
97680,E04795
97690,E04796
97400,E04799
97610,E04800
85940,E04801
97420,E04803
97440,E04804
85950,E04806
97460,E04807
97530,E04815
97550,E04816
97570,E04817
85960,E04821
97590,E04822
97600,E04823
97330,E04824
97290,E04826
97160,E04835
97150,E04837
97090,E04841
97020,E04846
96990,E04848
96980,E04849
96920,E04853
96910,E04855
96870,E04856
96860,E04857
96850,E04858
96840,E04859
96820,E04861
96780,E04862
96630,E04867
96580,E04869
96510,E04873
99280,E04877
61970,E04878
96470,E04884
96440,E04887
96400,E04889
96390,E04890
96290,E04894
96280,E04895
96270,E04896
96250,E04899
96220,E04902
96210,E04903
96190,E04904
96160,E04908
85700,E04912
96120,E04914
96100,E04916
97990,E04920
97950,E04925
46650,E04926
97930,E04931
97910,E04932
97900,E04933
97880,E04934
97820,E04940
97780,E04941
97800,E04944
85660,E04946
94350,E04948
97390,E04952
46410,E04954
46420,E04955
46450,E04958
46440,E04959
75020,E04960
46510,E04964
46570,E04972
46580,E04973
46590,E04975
46620,E04976
46640,E04978
46660,E04979
46670,E04980
46680,E04981
46710,E04982
46730,E04987
46740,E04988
46790,E04990
46780,E04991
46850,E04995
46860,E04996
46870,E04997
47040,E04999
46890,E05000
46900,E05001
47050,E05011
47070,E05015
47090,E05017
75950,E05018
47120,E05020
47140,E05024
46840,E05025
47160,E05027
47180,E05028
47190,E05029
47200,E05030
47220,E05033
47250,E05036
94490,E05041
47280,E05042
47320,E05045
88760,E05047
47330,E05048
94380,E05049
47350,E05053
47360,E05054
94390,E05055
46940,E05056
43070,E05062
17380,E05065
47460,E05066
47500,E05070
47510,E05072
47540,E05073
47520,E05075
47550,E05080
47600,E05083
47720,E05088
47610,E05090
47620,E05091
47630,E05096
47650,E05097
47660,E05098
47680,E05099
47670,E05100
47690,E05101
47710,E05107
26560,E05112
47770,E05114
47760,E05116
47830,E05120
47840,E05123
47920,E05135
94440,E05137
48000,E05143
48010,E05145
48120,E05147
24910,E05149
48140,E05151
21300,E05153
48200,E05155
48190,E05156
84730,E05159
48250,E05162
48260,E05163
48280,E05167
48130,E05168
48290,E05169
48320,E05173
48330,E05175
48340,E05176
94460,E05181
48480,E05182
48400,E05183
48450,E05187
48470,E05191
48490,E05192
42840,E05198
42860,E05199
42880,E05201
42870,E05204
42900,E05205
42930,E05206
43080,E05211
42990,E05215
43010,E05219
43100,E05221
43160,E05228
43170,E05230
43180,E05232
43200,E05233
43230,E05236
88980,E05238
43260,E05239
27210,E05241
87390,E05242
43310,E05248
43340,E05254
43350,E05255
43410,E05262
43430,E05264
43450,E05267
43460,E05268
43470,E05269
43500,E05274
43510,E05275
23000,E05278
87980,E05280
43560,E05282
23170,E05283
23010,E05286
23040,E05288
23030,E05289
23070,E05291
23110,E05293
23210,E05297
23250,E05299
45630,E05301
23230,E05302
23260,E05303
23270,E05304
27490,E05306
23290,E05307
23300,E05308
23310,E05309
23320,E05310
23350,E05312
89080,E05313
23370,E05314
23380,E05315
23410,E05316
23420,E05317
23440,E05319
23450,E05320
23490,E05322
23510,E05324
48270,E05325
17240,E05326
23530,E05327
23540,E05328
23150,E05331
23590,E05332
37100,E05336
37120,E05340
84390,E05346
37190,E05348
23710,E05350
23700,E05351
23730,E05353
23750,E05356
37230,E05360
23780,E05361
45640,E05363
23850,E05367
23790,E05368
37270,E05369
37330,E05376
17170,E05377
23910,E05378
27960,E05379
23930,E05381
23950,E05385
37260,E05395
37410,E05400
37390,E05401
89290,E05407
24040,E05409
24330,E05410
24180,E05411
37440,E05413
48090,E05414
24080,E05416
24110,E05417
24100,E05419
37470,E05424
24130,E05425
84250,E05426
24150,E05428
37530,E05432
84240,E05438
24250,E05440
37500,E05443
37870,E05445
37600,E05449
24370,E05450
17110,E05452
37580,E05453
24400,E05456
38070,E05457
24280,E05458
24320,E05460
87930,E05462
37620,E05463
37630,E05466
24290,E05467
37660,E05469
95140,E05470
37680,E05471
37650,E05474
37690,E05476
24360,E05477
24350,E05478
37740,E05480
94250,E05481
24380,E05483
33710,E05485
37710,E05487
87890,E05492
24450,E05493
37760,E05494
37730,E05496
37750,E05497
24490,E05498
94280,E05504
89450,E05505
37770,E05510
78330,E05512
24540,E05514
38040,E05516
33870,E05517
37780,E05518
37980,E05521
24640,E05524
24590,E05527
94230,E05528
24610,E05533
24620,E05536
33930,E05539
37790,E05543
24670,E05544
37880,E05545
24690,E05550
37960,E05551
37930,E05552
37990,E05553
24710,E05555
33950,E05556
24750,E05560
38000,E05561
24970,E05562
30310,E05563
24770,E05564
24790,E05569
94210,E05570
38030,E05573
24800,E05575
24810,E05576
38020,E05578
24830,E05579
24840,E05584
24850,E05585
38080,E05587
30400,E05592
24880,E05593
30410,E05597
24890,E05599
38100,E05601
30420,E05606
34540,E05607
24920,E05609
24930,E05611
21210,E05617
21380,E05621
38150,E05622
21220,E05623
21200,E05624
21240,E05625
30540,E05627
21270,E05629
38230,E05630
24990,E05631
38160,E05635
38170,E05640
38240,E05641
38260,E05643
38250,E05645
24980,E05646
43440,E05647
87690,E05648
32370,E05651
21360,E05657
38350,E05659
38360,E05663
38370,E05664
87710,E05665
21390,E05668
38410,E05669
21370,E05670
38400,E05674
21620,E05676
38420,E05677
38440,E05678
38390,E05679
38430,E05680
38450,E05682
21480,E05686
38470,E05687
38480,E05688
38490,E05690
21520,E05691
32520,E05692
38500,E05694
21540,E05695
21750,E05697
21460,E05698
38530,E05699
21580,E05700
21560,E05701
66340,E05702
38540,E05705
21530,E05706
36240,E05707
21600,E05712
38560,E05713
87290,E05714
21640,E05716
21630,E05717
38580,E05719
30920,E05725
21690,E05726
21700,E05727
45710,E05728
21680,E05729
36220,E05736
21730,E05737
36260,E05739
21720,E05740
36230,E05741
36250,E05742
17730,E05821
93990,E05951
48750,E05958
87500,E06141
60980,E07801
71640,E09753
35490,E10737
62380,E11661
38630,E11873
286A0,E12328
297A0,E15690
36270,E20385
34790,E20616
65550,E20870
39640,E21122
45780,E21183
58570,E21187
62500,E21258
31400,E21259
21810,E21261
66320,E21320
15140,E21342
21800,E21381
21790,E21514
36280,E21553
31480,E21606
57240,E21649
21830,E21706
93850,E21815
31430,E21832
22690,E21902
34430,E21955
36320,E22012
34440,E22016
45760,E22024
21850,E22042
21860,E22049
36330,E22101
31510,E22440
36350,E22460
36340,E22461
60780,E22470
77750,E22509
31500,E22547
73140,E22554
45740,E22560
32660,E22612
21930,E22663
31540,E22995
87130,E23187
22700,E23202
31560,E23245
87140,E23250
31570,E23288
78190,E23465
49260,E23479
45750,E23487
36360,E23492
21950,E23634
31310,E23741
31780,E23818
86000,E23820
66300,E23829
31590,E23841
66290,E23871
86300,E23924
50200,E24050
87150,E24073
31600,E24129
77760,E24158
45770,E24187
31610,E24248
32710,E24340
36390,E24392
36410,E24453
36400,E24457
73710,E24465
14180,E24512
31660,E24536
94130,E24545
21980,E24550
14170,E24558
71480,E24651
45820,E24682
78180,E24753
60500,E24917
49270,E24951
36450,E24982
49280,E24991
66270,E24994
36470,E24998
34800,E25148
58420,E25156
31670,E25165
62490,E25169
36460,E25206
36080,E25234
36480,E25263
45790,E25269
19090,E25282
36490,E25283
22290,E25303
66260,E25386
31680,E25443
28820,E25551
36520,E25620
21170,E25648
70220,E25662
66200,E25665
36530,E25682
66250,E25686
36590,E25850
36560,E25867
32760,E25870
77770,E25884
36570,E25898
13830,E25969
60540,E26032
49770,E26061
66190,E26082
92060,E26084
32770,E26086
31690,E26095
45830,E26096
60550,E26124
36630,E26231
31730,E26290
36600,E26301
31720,E26322
71570,E26327
36610,E26332
36620,E26369
60580,E26428
60620,E26444
60610,E26446
60590,E26454
29300,E26549
31740,E26579
36640,E26596
60630,E26625
94190,E26675
71610,E26686
36650,E26703
57030,E26707
66170,E26713
71620,E26813
71770,E26815
31770,E26821
59320,E26831
60700,E26839
31750,E26842
38960,E26914
60690,E26933
32800,E26966
49290,E27016
45840,E27032
60870,E27043
32610,E27046
36670,E27047
31790,E27051
29310,E27054
60720,E27059
36680,E27062
61650,E27063
60710,E27066
31810,E27202
45860,E27208
31830,E27210
31800,E27215
36700,E27235
31820,E27260
14200,E27273
36710,E27276
36720,E27280
32840,E27281
25880,E27294
60730,E27303
14190,E27305
36730,E27361
36740,E27394
36750,E27421
32860,E27464
45870,E27486
60740,E27506
62480,E27530
31840,E27572
49780,E27585
31850,E27615
25870,E27622
42750,E27624
32890,E27633
36760,E27655
31860,E27693
32910,E27759
60760,E27761
31870,E27815
32880,E27842
60830,E27855
56980,E27868
39090,E27894
36780,E30002
94160,E30010
31890,E30020
60800,E30022
60910,E30042
36790,E30047
16630,E30048
60810,E30053
45880,E30058
60820,E30065
32930,E30066
60900,E30071
36820,E30085
36800,E30091
71670,E30103
36810,E30114
77790,E30118
60850,E30119
60860,E30120
32940,E30124
14290,E30126
60880,E30130
42450,E30133
60890,E30140
36830,E30398
42460,E30438
90900,E30443
60920,E30445
31900,E30451
94140,E30454
36860,E30466
60930,E30476
66160,E30479
67400,E30481
31910,E30501
31920,E30504
36870,E30537
32970,E30598
60940,E30648
32990,E30649
32210,E30656
60960,E30682
42470,E30692
49790,E30697
31930,E30699
34750,E30726
20600,E30728
94680,E30731
71730,E30746
36900,E30836
71720,E30841
36910,E30856
36950,E30857
45910,E30865
36920,E30877
33000,E30880
31950,E30881
31960,E30898
94670,E30908
62400,E30917
36940,E30918
36960,E30919
60990,E30929
78140,E30930
36970,E30969
71750,E30982
39100,E30993
36980,E30996
60290,E30998
60250,E30999
60270,E31009
28830,E31012
39000,E31019
39010,E31023
34520,E31024
31980,E31029
25860,E31035
60300,E31036
42480,E31037
34450,E31042
94180,E31052
60350,E31054
39020,E31056
39030,E31060
95510,E31064
95170,E31065
60340,E31071
60330,E31079
60310,E31089
39040,E31093
31990,E31104
78150,E31123
39050,E31131
32220,E31159
31320,E31167
60360,E31216
13840,E31220
60370,E31248
39070,E31256
34570,E31284
32230,E31291
14300,E31306
32240,E31321
39120,E31331
45930,E31335
39080,E31336
60380,E31343
78130,E31344
39110,E31348
39130,E31354
31330,E31367
60440,E31379
60390,E31381
45920,E31382
31340,E31386
60400,E31408
60490,E31424
39140,E31436
60450,E31446
60460,E31448
39150,E31453
60470,E31454
94170,E31524
61660,E31542
31350,E31551
77800,E31560
39160,E31573
31370,E31574
62390,E31575
44340,E31580
61670,E31594
77810,E31602
71800,E31612
14310,E31614
78120,E31622
34170,E31624
31380,E31625
39170,E31626
50210,E31632
49800,E31633
39180,E31640
34610,E31681
61730,E31694
61710,E31723
31390,E31729
14330,E31731
14340,E31741
34150,E31742
70650,E31743
61780,E31748
34160,E31749
35560,E31751
39200,E31754
71810,E31755
71820,E31775
61760,E31776
34180,E31815
61770,E31817
45940,E31851
61800,E31854
61810,E31855
61840,E31871
39230,E31878
61830,E31896
61820,E31901
39210,E31902
71830,E31905
34190,E31918
78110,E31924
14350,E31925
39260,E31936
45950,E31946
64640,E31954
39290,E31955
39250,E31957
61850,E31958
39220,E31965
35360,E31968
39270,E31977
34650,E31979
39280,E31991
61860,E31997
71860,E32022
22960,E32069
39310,E32108
71850,E32109
24240,E32119
28840,E32138
39300,E32141
35370,E32146
61900,E32153
61890,E32156
34670,E32158
39340,E32159
39330,E32161
14360,E32163
66150,E32169
35380,E32181
62370,E32189
61980,E32193
61910,E32194
94660,E32198
39320,E32200
61930,E32203
35040,E32204
39360,E32225
39350,E32238
35390,E32254
91430,E32292
35410,E32351
28200,E32364
61960,E32380
35440,E32381
35460,E32382
61990,E32397
61940,E32400
61950,E32405
39370,E32408
71870,E32412
35420,E32420
35430,E32427
71890,E32447
34690,E32468
34740,E32486
62000,E32495
65320,E32549
32670,E32571
39400,E32591
35470,E32592
65330,E32601
39390,E32603
39650,E32619
39620,E32620
41890,E32642
39630,E32647
91600,E32664
91420,E32679
14380,E32682
65350,E32687
35480,E32697
35500,E32736
39670,E32750
65370,E32753
71910,E32763
39700,E32766
57040,E32770
34820,E32779
77820,E32784
34770,E32793
39790,E32794
65380,E32795
65400,E32796
65390,E32801
71920,E32803
39740,E32814
39680,E32815
39690,E32825
45960,E32854
39760,E32855
65430,E32951
39770,E32956
35570,E32965
35580,E32966
95190,E32967
65470,E32988
48810,E32989
93250,E32990
35600,E32991
39810,E32992
35630,E33000
65450,E33005
65460,E33009
35610,E33011
35590,E33016
66940,E33025
39840,E33026
65440,E33034
35620,E33037
39830,E33039
39850,E33040
45970,E33044
79400,E33050
35650,E33109
65480,E33110
39860,E33232
39880,E33235
39870,E33237
39890,E33242
65490,E33247
65520,E33254
65510,E33272
92620,E33282
35660,E33305
78100,E33313
66960,E33323
66950,E33345
65540,E33357
39910,E33364
39920,E33367
41240,E33382
44470,E33384
39940,E33390
39930,E33391
78090,E33392
92650,E33393
92670,E33416
34840,E33435
71960,E33485
78070,E33491
78080,E33497
92640,E33514
65580,E33515
39960,E33519
14430,E33535
39970,E33553
65570,E33557
36110,E33574
65640,E33577
34860,E33579
44800,E33586
65600,E33588
62350,E33594
23340,E33595
65630,E33601
65610,E33602
42490,E33603
93880,E33610
65620,E33615
92680,E33616
89190,E33622
43900,E33623
71990,E33624
71980,E33625
39980,E33626
65660,E33633
65650,E33638
73220,E33693
43920,E33702
34460,E33777
43800,E33784
70900,E33790
65680,E33794
29340,E33800
92700,E33807
34890,E33819
65700,E33822
43810,E33825
34470,E33834
65710,E33838
94500,E33839
73260,E33840
73200,E33854
92710,E33858
34900,E33863
65740,E33864
65730,E33868
43820,E33880
65720,E33881
92720,E33882
14440,E33910
65780,E33928
65770,E33948
44320,E33957
43840,E33966
65800,E34018
78000,E34028
43860,E34031
43910,E34045
43880,E34052
70300,E34053
78060,E34054
43850,E34064
66990,E34065
70310,E34070
92730,E34071
65790,E34082
43890,E34090
43950,E34091
43870,E34094
14460,E34095
70400,E34097
92780,E34102
43960,E34111
73270,E34113
44220,E34114
43930,E34116
56990,E34130
52900,E34137
43940,E34140
70330,E34142
70340,E34148
14470,E34165
34910,E34177
42500,E34221
43970,E34225
70350,E34238
34950,E34256
34940,E34271
62330,E34273
70370,E34276
73250,E34281
34960,E34285
43980,E34288
34980,E34289
70380,E34290
70360,E34294
45980,E34318
44200,E34321
55710,E34326
70390,E34331
44210,E34335
92790,E34336
70410,E34352
78050,E34363
70420,E34379
50710,E34454
76810,E34455
76700,E34470
14490,E34471
70440,E34484
14500,E34486
70460,E34487
44240,E34497
70430,E34498
76770,E34499
44250,E34507
70480,E34508
44280,E34509
44450,E34513
62320,E34514
29700,E34522
70470,E34537
44330,E34538
44270,E34544
44790,E34557
76750,E34565
44370,E34587
44290,E34633
70490,E34634
44310,E34643
76730,E34644
70500,E34657
44300,E34663
70590,E34699
76780,E34704
29750,E34707
70570,E34716
70600,E34720
44380,E34721
70580,E34722
70620,E34725
44390,E34729
70610,E34735
44400,E34739
76740,E34747
70630,E34748
44360,E34754
78040,E34800
44410,E34814
73450,E34851
44460,E34853
70640,E34866
44420,E34880
29760,E34938
76790,E34943
29740,E34944
70660,E34954
44430,E34960
49310,E34965
41650,E34973
44440,E34974
70670,E34975
73780,E34994
70680,E34995
45990,E34999
78030,E35004
29780,E35028
70690,E35089
44490,E35096
65970,E35114
76850,E35116
44760,E35117
58710,E35118
44480,E35124
76820,E35125
46910,E35136
44500,E35137
70810,E35139
70710,E35140
29830,E35144
44750,E35150
29800,E35153
70720,E35157
44770,E35163
44810,E35164
48800,E35169
76830,E35170
70730,E35187
42510,E35220
29990,E35234
70740,E35238
70830,E35250
70760,E35258
44900,E35278
44820,E35284
44840,E35287
70770,E35288
70820,E35289
34490,E35294
29810,E35303
44860,E35307
44830,E35308
70800,E35323
44780,E35325
44870,E35330
76860,E35334
70790,E35335
29820,E35340
70780,E35341
70750,E35344
44880,E35345
44930,E35354
62310,E35449
44910,E35466
70870,E35470
70890,E35483
70880,E35487
70850,E35488
70840,E35489
76870,E35491
93260,E35493
48880,E35496
53680,E35497
44920,E35504
70910,E35508
48820,E35510
70930,E35514
44980,E35516
48830,E35518
70950,E35534
66130,E35542
44940,E35544
76890,E35554
65990,E35555
73170,E35560
70940,E35562
70960,E35563
49320,E35568
44950,E35578
62300,E35587
44960,E35589
29840,E35597
73670,E35610
70970,E35611
29910,E35614
29860,E35631
44990,E35632
40510,E35642
40520,E35758
40570,E35765
76950,E35766
73520,E35767
73510,E35773
73530,E35790
48860,E35791
92230,E35797
73370,E35810
40540,E35821
40550,E35824
40530,E35827
40560,E35841
73580,E35908
40580,E35911
49330,E35928
40600,E35930
73540,E35931
76920,E35932
40110,E35941
40590,E35945
29320,E35947
285A0,E35948
40120,E35959
40130,E35967
40140,E35989
73560,E35993
41720,E36002
77900,E36031
49340,E36046
40150,E36070
40160,E36077
73570,E36078
41670,E36086
66120,E36091
62290,E36098
40170,E36100
17860,E36102
41680,E36107
40200,E36108
41700,E36122
76940,E36123
48840,E36129
41690,E36130
73600,E36132
49350,E36133
73660,E36134
91450,E36140
40190,E36155
41710,E36172
73590,E36173
41660,E36174
48870,E36190
41740,E36213
92480,E36223
41930,E36261
40180,E36312
49360,E36321
41750,E36322
41770,E36343
48850,E36350
41760,E36351
73620,E36353
41780,E36366
73740,E36367
66140,E36368
41800,E36372
93460,E36393
41790,E36398
93270,E36405
73430,E36406
41920,E36410
50740,E36412
73610,E36420
92350,E36421
73630,E36431
65210,E36433
76980,E36435
40720,E36460
73680,E36464
29330,E36466
73750,E36478
41940,E36484
73470,E36498
41960,E36532
73770,E36539
62280,E36545
73690,E36621
77910,E36627
73720,E36629
40710,E36635
41980,E36637
73700,E36638
73730,E36648
40690,E36653
73760,E36655
73180,E36657
71260,E36658
40680,E36659
41990,E36661
40730,E36666
369A0,E36667
77920,E36670
49370,E36697
73810,E36700
73800,E36703
91470,E36706
71280,E36707
40740,E36708
92400,E36711
76990,E36713
71290,E36714
40750,E36722
50760,E36723
73500,E36730
43760,E36733
62270,E36750
92470,E36751
71300,E36756
71270,E36757
43600,E36769
43700,E36795
92410,E36801
48890,E36825
40760,E36840
58580,E36844
42640,E36859
65220,E36860
50750,E36862
92450,E36883
92420,E36886
92460,E36896
43710,E36897
43740,E36901
43720,E36905
43730,E36928
42700,E36937
43770,E36944
43750,E36946
48900,E36956
92440,E36961
92490,E36968
71350,E36969
65230,E36976
92500,E36988
43780,E36989
29610,E36991
92530,E37006
92510,E37038
43790,E37060
48910,E37069
71310,E37082
44120,E37095
92520,E37098
42550,E37105
44150,E37115
44140,E37130
42610,E37131
44130,E37133
29930,E37141
71340,E37143
44190,E37145
44160,E37146
44170,E37147
92120,E37153
65240,E37156
41250,E37157
42590,E37158
92540,E37159
42580,E37160
25850,E37165
42560,E37169
44180,E37175
92110,E37176
42600,E37192
73830,E37194
92590,E37197
71330,E37198
92580,E37199
42620,E37206
42630,E37207
91580,E37214
92570,E37220
92560,E37221
42650,E37222
92140,E37292
92130,E37304
50310,E37333
50250,E37397
92160,E37399
73840,E37412
77930,E37419
92150,E37432
50330,E37435
50780,E37456
71380,E37457
50260,E37458
50270,E37466
50790,E37468
51250,E37482
65250,E37488
62260,E37499
41970,E37502
29980,E37504
50280,E37506
92180,E37508
92200,E37523
92190,E37546
92210,E37560
281A0,E37563
50320,E37573
71360,E37577
93480,E37584
71400,E37589
29970,E37595
50290,E37603
192A0,E37627
77940,E37709
92290,E37719
58300,E37725
95520,E37733
92270,E37740
29350,E37741
95530,E37742
366A0,E37743
95540,E37744
58310,E37777
95560,E37779
73890,E37781
58320,E37785
93470,E37788
50350,E37790
95570,E37796
92250,E37810
77950,E37814
50340,E37815
71110,E37831
50360,E37833
71100,E37848
50380,E37902
95580,E37911
73880,E37913
51330,E37914
51260,E37926
95600,E37936
50390,E37950
95620,E37957
51290,E37959
71120,E37960
65260,E37978
95610,E37979
95630,E37985
58340,E37986
51310,E37987
95640,E38007
51320,E38008
51340,E38036
52430,E38043
51360,E38072
58670,E38078
92040,E38082
29360,E38104
55740,E38109
71150,E38118
55270,E38129
93400,E38139
93360,E38148
95650,E38155
48920,E38156
52400,E38157
93370,E38162
52420,E38163
71140,E38167
29370,E38168
52460,E38169
51380,E38171
93390,E38178
51390,E38180
52470,E38191
93380,E38192
93420,E38200
52440,E38201
51370,E38205
93410,E38215
52480,E38256
52590,E38288
52570,E38335
52500,E38367
52410,E38373
71180,E38382
71190,E38427
93430,E38440
71200,E38443
93450,E38450
93440,E38452
48930,E38453
52560,E38460
52540,E38472
52520,E38474
52550,E38477
52530,E38478
62250,E38483
52580,E38491
40400,E38504
55300,E38512
29620,E38523
141A0,E38525
55700,E38541
55720,E38567
55330,E38634
55800,E38641
55760,E38645
93310,E38651
55780,E38654
55750,E38662
55320,E38667
58840,E38682
55820,E38683
58850,E38684
55790,E38685
91590,E38687
48940,E38688
177A0,E38689
91650,E38693
74090,E38695
91620,E38698
58440,E38714
58430,E38716
387A0,E38722
93320,E38723
91630,E38728
58880,E38738
91660,E38739
55860,E38755
55350,E38760
62090,E38761
62240,E38780
55810,E38785
93300,E38849
55870,E38864
91680,E38895
39580,E38898
190A0,E38905
91700,E38906
55890,E38919
62230,E38926
55880,E38948
55910,E38949
55900,E38957
55920,E38965
92370,E38969
29380,E38979
48960,E38985
92360,E39008
48110,E39009
58450,E39018
55370,E39023
58890,E39074
92380,E39089
55970,E39114
55990,E39122
58910,E39133
58680,E39136
58700,E39158
149A0,E39161
56160,E39162
58690,E39165
56190,E39171
150A0,E39184
56210,E39194
56180,E39203
58920,E39222
167A0,E39254
166A0,E39259
130A0,E39268
168A0,E39273
137A0,E39349
142A0,E39367
138A0,E39377
135A0,E39382
153A0,E39397
155A0,E39405
143A0,E39406
146A0,E39407
157A0,E39408
145A0,E39409
148A0,E39410
160A0,E39448
248A0,E39449
173A0,E39460
156A0,E39473
151A0,E39476
147A0,E39483
175A0,E39487
208A0,E39505
194A0,E39640
197A0,E39645
189A0,E39646
184A0,E39653
186A0,E39661
195A0,E39662
196A0,E39668
205A0,E39671
253A0,E39677
202A0,E39691
198A0,E39708
211A0,E39729
212A0,E39732
254A0,E39737
255A0,E39741
206A0,E39751
219A0,E39759
215A0,E39760
220A0,E39778
256A0,E39785
218A0,E39788
272A0,E39812
228A0,E39846
231A0,E39864
268A0,E39892
247A0,E39903
241A0,E39906
242A0,E39920
245A0,E39928
246A0,E39936
259A0,E39945
244A0,E39961
269A0,E39968
264A0,E40018
261A0,E40019
263A0,E40034
265A0,E40058
278A0,E40060
274A0,E40066
276A0,E40130
291A0,E40145
277A0,E40147
300A0,E40154
296A0,E40164
280A0,E40175
340A0,E40189
275A0,E40194
288A0,E40206
287A0,E40213
302A0,E40215
290A0,E40216
303A0,E40223
304A0,E40230
299A0,E40236
298A0,E40253
319A0,E40269
324A0,E40334
323A0,E40354
325A0,E40398
330A0,E40399
332A0,E40400
343A0,E40408
331A0,E40420
341A0,E40423
338A0,E40429
336A0,E40432
339A0,E40448
334A0,E40452
335A0,E40477
402A0,E40500
350A0,E40505
377A0,E40512
353A0,E40516
352A0,E40546
373A0,E40640
367A0,E40648
372A0,E40662
368A0,E40668
365A0,E40674
559A0,E40689
378A0,E40715
416A0,E40727
547A0,E40729
417A0,E40736
391A0,E40748
386A0,E40756
415A0,E40792
464A0,E40854
407A0,E40865
463A0,E40879
414A0,E40904
410A0,E40916
428A0,E40917
418A0,E40919
421A0,E40925
485A0,E40934
431A0,E40964
441A0,E40979
429A0,E40985
476A0,E40991
436A0,E41010
438A0,E41028
442A0,E41030
483A0,E41037
469A0,E41055
456A0,E41076
462A0,E41081
460A0,E41086
446A0,E41104
478A0,E41108
475A0,E41115
543A0,E41130
472A0,E41144
471A0,E41149
477A0,E41152
480A0,E41154
479A0,E41191
500A0,E41257
505A0,E41309
504A0,E41318
545A0,E41323
550A0,E41331
523A0,E41409
548A0,E41485
519A0,E41486
520A0,E41488
554A0,E41514
558A0,E41566
