ticker,name,sector,market_cap_class
130A.T,Ｖｅｒｉｔａｓ　Ｉｎ　Ｓｉｌｉｃｏ,医薬品,-
135A.T,ＶＲＡＩＮ　Ｓｏｌｕｔｉｏｎ,情報・通信業,-
137A.T,Ｃｏｃｏｌｉｖｅ,情報・通信業,-
138A.T,光フードサービス,小売業,-
1401.T,エムビーエス,建設業,-
141A.T,トライアルホールディングス,小売業,-
142A.T,ジンジブ,サービス業,-
1431.T,Ｌｉｂ　Ｗｏｒｋ,建設業,-
1436.T,グリーンエナジー＆カンパニー,建設業,-
143A.T,イシン,サービス業,-
1444.T,ニッソウ,建設業,-
1447.T,ＳＡＡＦホールディングス,建設業,-
145A.T,Ｌ　ｉｓ　Ｂ,情報・通信業,-
147A.T,ソラコム,情報・通信業,-
148A.T,ハッチ・ワーク,情報・通信業,-
149A.T,シンカ,情報・通信業,-
150A.T,ＪＳＨ,サービス業,-
151A.T,ダイブ,サービス業,-
153A.T,カウリス,情報・通信業,-
155A.T,情報戦略テクノロジー,情報・通信業,-
156A.T,マテリアルグループ,サービス業,-
157A.T,グリーンモンスター,サービス業,-
166A.T,タスキホールディングス,不動産業,-
168A.T,イタミアート,その他製品,-
173A.T,ハンモック,情報・通信業,-
175A.T,Ｗｉｌｌ　Ｓｍａｒｔ,情報・通信業,-
177A.T,コージンバイオ,化学,-
184A.T,学びエイド,情報・通信業,-
186A.T,アストロスケールホールディングス,サービス業,-
189A.T,Ｄ＆Ｍカンパニー,サービス業,-
190A.T,Ｃｈｏｒｄｉａ　Ｔｈｅｒａｐｅｕｔｉｃｓ,医薬品,-
192A.T,インテグループ,サービス業,-
194A.T,ＷＯＬＶＥＳ　ＨＡＮＤ,サービス業,-
195A.T,ＭＵＳＣＡＴ　ＧＲＯＵＰ,サービス業,-
196A.T,ＭＦＳ,その他金融業,-
198A.T,ＰｏｓｔＰｒｉｍｅ,情報・通信業,-
205A.T,ロゴスホールディングス,建設業,-
206A.T,ＰＲＩＳＭ　ＢｉｏＬａｂ,医薬品,-
2158.T,ＦＲＯＮＴＥＯ,サービス業,-
215A.T,タイミー,サービス業,-
2160.T,ジーエヌアイグループ,医薬品,-
2173.T,博展,サービス業,-
218A.T,Ｌｉｂｅｒａｗａｒｅ,精密機器,-
2195.T,アミタホールディングス,サービス業,-
219A.T,Ｈｅａｒｔｓｅｅｄ,医薬品,-
228A.T,オプロ,情報・通信業,-
2321.T,ソフトフロントホールディングス,情報・通信業,-
2334.T,イオレ,サービス業,-
2370.T,メディネット,サービス業,-
2385.T,総医研ホールディングス,サービス業,-
2388.T,ウェッジホールディングス,その他金融業,-
241A.T,ＲＯＸＸ,情報・通信業,-
2438.T,アスカネット,サービス業,-
244A.T,グロースエクスパートナーズ,情報・通信業,-
245A.T,ＩＮＧＳ,小売業,-
246A.T,アスア,サービス業,-
247A.T,Ａｉロボティクス,化学,-
248A.T,キッズスター,情報・通信業,-
2497.T,ユナイテッド,サービス業,-
2586.T,フルッタフルッタ,食料品,-
264A.T,Ｓｃｈｏｏ,サービス業,-
265A.T,Ｈｍｃｏｍｍ,情報・通信業,-
269A.T,Ｓａｐｅｅｔ,情報・通信業,-
276A.T,ククレブ・アドバイザーズ,不動産業,-
278A.T,Ｔｅｒｒａ　Ｄｒｏｎｅ,精密機器,-
280A.T,ＴＭＨ,卸売業,-
281A.T,インフォメティス,情報・通信業,-
286A.T,ユカリア,サービス業,-
288A.T,ラクサス・テクノロジーズ,サービス業,-
290A.T,Ｓｙｎｓｐｅｃｔｉｖｅ,情報・通信業,-
291A.T,リスキル,サービス業,-
2934.T,ジェイフロンティア,食料品,-
2936.T,ベースフード,食料品,-
2937.T,サンクゼール,食料品,-
296A.T,令和アカウンティング・ホールディングス,サービス業,-
2978.T,ツクルバ,不動産業,-
2981.T,ランディックス,不動産業,-
2983.T,アールプランナー,不動産業,-
2986.T,ＬＡホールディングス,不動産業,-
298A.T,ＧＶＡ　ＴＥＣＨ,情報・通信業,-
2997.T,ストレージ王,不動産業,-
2998.T,クリアル,不動産業,-
299A.T,クラシル,サービス業,-
302A.T,ビースタイルホールディングス,サービス業,-
303A.T,ｖｉｓｕｍｏ,情報・通信業,-
304A.T,フォルシア,情報・通信業,-
3063.T,ジェイグループホールディングス,小売業,-
3070.T,ジェリービーンズグループ,卸売業,-
3133.T,海帆,小売業,-
3140.T,ＢＲＵＮＯ,卸売業,-
3185.T,夢展望,小売業,-
3187.T,ミラタップ,小売業,-
3195.T,ジェネレーションパス,小売業,-
319A.T,技術承継機構,金属製品,-
3224.T,ゼネラル・オイスター,小売業,-
3237.T,イントランス,不動産業,-
323A.T,フライヤー,情報・通信業,-
324A.T,ブッキングリゾート,サービス業,-
325A.T,ＴＥＮＴＩＡＬ,繊維製品,-
3261.T,グランディーズ,不動産業,-
3300.T,アンビション　ＤＸ　ホールディングス,不動産業,-
330A.T,ＴａｌｅｎｔＸ,情報・通信業,-
332A.T,ミーク,情報・通信業,-
334A.T,ビジュアル・プロセッシング・ジャパン,情報・通信業,-
3359.T,ｃｏｔｔａ,卸売業,-
335A.T,ミライロ,情報・通信業,-
336A.T,ダイナミックマッププラットフォーム,情報・通信業,-
338A.T,ＺｅｎｍｕＴｅｃｈ,情報・通信業,-
339A.T,プログレス・テクノロジーズ　グループ,サービス業,-
340A.T,ジグザグ,情報・通信業,-
3418.T,バルニバービ,小売業,-
341A.T,トヨコー,建設業,-
3474.T,Ｇ－ＦＡＣＴＯＲＹ,不動産業,-
3477.T,フォーライフ,不動産業,-
3479.T,ティーケーピー,不動産業,-
3491.T,ＧＡ　ｔｅｃｈｎｏｌｏｇｉｅｓ,不動産業,-
350A.T,デジタルグリッド,電気・ガス業,-
352A.T,ＬＯＩＶＥ,サービス業,-
3542.T,ベガコーポレーション,小売業,-
3550.T,スタジオアタオ,小売業,-
3556.T,リネットジャパングループ,小売業,-
3557.T,ユナイテッド＆コレクティブ,小売業,-
3558.T,ジェイドグループ,小売業,-
3566.T,ユニフォームネクスト,小売業,-
3623.T,ビリングシステム,情報・通信業,-
3624.T,アクセルマーク,情報・通信業,-
3625.T,テックファームホールディングス,情報・通信業,-
3628.T,データホライゾン,情報・通信業,-
3645.T,メディカルネット,情報・通信業,-
3652.T,ディジタルメディアプロフェッショナル,情報・通信業,-
3653.T,モルフォ,情報・通信業,-
3664.T,ＷＩＺＥ,情報・通信業,-
366A.T,ウェルネス・コミュニケーションズ,サービス業,-
3674.T,オークファン,情報・通信業,-
3680.T,ホットリンク,情報・通信業,-
3691.T,デジタルプラス,情報・通信業,-
3692.T,ＦＦＲＩセキュリティ,情報・通信業,-
3695.T,ＧＭＯプロダクトプラットフォーム,情報・通信業,-
369A.T,エータイ,サービス業,-
3723.T,日本ファルコム,情報・通信業,-
3727.T,アプリックス,情報・通信業,-
373A.T,リップス,化学,-
3773.T,アドバンスト・メディア,情報・通信業,-
3777.T,環境フレンドリーホールディングス,情報・通信業,-
378A.T,ヒット,サービス業,-
3793.T,ドリコム,情報・通信業,-
3803.T,イメージ情報開発,情報・通信業,-
3807.T,フィスコ,情報・通信業,-
3815.T,メディア工房,情報・通信業,-
387A.T,フラー,情報・通信業,-
3900.T,クラウドワークス,情報・通信業,-
3904.T,カヤック,情報・通信業,-
3905.T,データセクション,情報・通信業,-
3911.T,Ａｉｍｉｎｇ,情報・通信業,-
3914.T,ＪＩＧ－ＳＡＷ,情報・通信業,-
3917.T,アイリッジ,情報・通信業,-
3929.T,ソーシャルワイヤー,情報・通信業,-
3930.T,はてな,情報・通信業,-
3931.T,バリューゴルフ,情報・通信業,-
3936.T,グローバルウェイ,情報・通信業,-
3967.T,エルテス,情報・通信業,-
3970.T,イノベーション,情報・通信業,-
3976.T,シャノン,情報・通信業,-
3979.T,うるる,情報・通信業,-
3987.T,エコモット,情報・通信業,-
3989.T,シェアリングテクノロジー,情報・通信業,-
3991.T,ウォンテッドリー,情報・通信業,-
3998.T,すららネット,情報・通信業,-
4011.T,ヘッドウォータース,情報・通信業,-
4013.T,勤次郎,情報・通信業,-
4014.T,カラダノート,情報・通信業,-
4015.T,ペイクラウドホールディングス,情報・通信業,-
4017.T,クリーマ,情報・通信業,-
4019.T,スタメン,情報・通信業,-
4020.T,ビートレンド,情報・通信業,-
402A.T,アクセルスペースホールディングス,輸送用機器,-
4052.T,フィーチャ,情報・通信業,-
4054.T,日本情報クリエイト,情報・通信業,-
4055.T,ティアンドエスグループ,情報・通信業,-
4056.T,ニューラルグループ,情報・通信業,-
4057.T,インターファクトリー,情報・通信業,-
4058.T,トヨクモ,情報・通信業,-
4060.T,ｒａｋｕｍｏ,情報・通信業,-
4068.T,ベイシス,情報・通信業,-
4069.T,ＢｌｕｅＭｅｍｅ,情報・通信業,-
4073.T,ジィ・シィ企画,情報・通信業,-
4074.T,ラキール,情報・通信業,-
4075.T,ブレインズテクノロジー,情報・通信業,-
4076.T,シイエヌエス,情報・通信業,-
410A.T,ＧＭＯコマース,サービス業,-
414A.T,オーバーラップホールディングス,情報・通信業,-
415A.T,ＧＭＯ　ＴＥＣＨホールディングス,サービス業,-
4165.T,プレイド,情報・通信業,-
4166.T,かっこ,情報・通信業,-
4167.T,ココペリ,情報・通信業,-
4168.T,ヤプリ,情報・通信業,-
4169.T,ＥＮＥＣＨＡＮＧＥ,情報・通信業,-
4170.T,Ｋａｉｚｅｎ　Ｐｌａｔｆｏｒｍ,情報・通信業,-
4175.T,ｃｏｌｙ,情報・通信業,-
4176.T,ココナラ,情報・通信業,-
4177.T,ｉ‐ｐｌｕｇ,情報・通信業,-
4178.T,Ｓｈａｒｉｎｇ　Ｉｎｎｏｖａｔｉｏｎｓ,情報・通信業,-
4179.T,ジーネクスト,情報・通信業,-
4192.T,スパイダープラス,情報・通信業,-
4199.T,ワンダープラネット,情報・通信業,-
421A.T,ムービン・ストラテジック・キャリア,サービス業,-
4255.T,ＴＨＥＣＯＯ,情報・通信業,-
4256.T,サインド,情報・通信業,-
4258.T,網屋,情報・通信業,-
4259.T,エクサウィザーズ,情報・通信業,-
4260.T,ハイブリッドテクノロジーズ,情報・通信業,-
4261.T,アジアクエスト,情報・通信業,-
4262.T,ニフティライフスタイル,情報・通信業,-
4263.T,サスメド,情報・通信業,-
4264.T,セキュア,情報・通信業,-
4265.T,Ｉｎｓｔｉｔｕｔｉｏｎ　ｆｏｒ　ａ　Ｇｌｏｂａｌ　Ｓｏｃｉｅｔｙ,情報・通信業,-
4270.T,ＢｅｅＸ,情報・通信業,-
4308.T,Ｊストリーム,情報・通信業,-
4316.T,ビーマップ,情報・通信業,-
431A.T,ユーソナー,情報・通信業,-
436A.T,サイバーソリューションズ,情報・通信業,-
4370.T,モビルス,情報・通信業,-
4371.T,コアコンセプト・テクノロジー,情報・通信業,-
4372.T,ユミルリンク,情報・通信業,-
4374.T,ＲＯＢＯＴ　ＰＡＹＭＥＮＴ,情報・通信業,-
4375.T,セーフィー,情報・通信業,-
4376.T,くふうカンパニーホールディングス,情報・通信業,-
4377.T,ワンキャリア,情報・通信業,-
4378.T,ＣＩＮＣ,情報・通信業,-
4379.T,Ｐｈｏｔｏｓｙｎｔｈ,情報・通信業,-
4380.T,Ｍマート,情報・通信業,-
4381.T,ビープラッツ,情報・通信業,-
4387.T,ＺＵＵ,情報・通信業,-
4389.T,プロパティデータバンク,情報・通信業,-
438A.T,インフキュリオン,情報・通信業,-
4391.T,ロジザード,情報・通信業,-
4393.T,バンク・オブ・イノベーション,情報・通信業,-
4394.T,エクスモーション,情報・通信業,-
4395.T,アクリート,情報・通信業,-
4397.T,チームスピリット,情報・通信業,-
4412.T,サイエンスアーツ,情報・通信業,-
4414.T,フレクト,情報・通信業,-
4415.T,ブロードエンタープライズ,情報・通信業,-
4416.T,Ｔｒｕｅ　Ｄａｔａ,情報・通信業,-
4417.T,グローバルセキュリティエキスパート,情報・通信業,-
4418.T,ＪＤＳＣ,情報・通信業,-
4419.T,Ｆｉｎａｔｅｘｔホールディングス,情報・通信業,-
441A.T,ＮＥ,情報・通信業,TOPIX Small 2
4422.T,ＶＡＬＵＥＮＥＸ,情報・通信業,-
4424.T,Ａｍａｚｉａ,情報・通信業,-
4425.T,Ｋｕｄａｎ,情報・通信業,-
4427.T,ＥｄｕＬａｂ,情報・通信業,-
4428.T,シノプス,情報・通信業,-
4429.T,リックソフト,情報・通信業,-
442A.T,クラシコ,繊維製品,-
4431.T,スマレジ,情報・通信業,-
4436.T,ミンカブ・ジ・インフォノイド,情報・通信業,-
4437.T,ｇｏｏｄｄａｙｓホールディングス,情報・通信業,-
4438.T,Ｗｅｌｂｙ,情報・通信業,-
4442.T,バルテス・ホールディングス,情報・通信業,-
4444.T,インフォネット,情報・通信業,-
4445.T,リビン・テクノロジーズ,情報・通信業,-
4447.T,ピー・ビーシステムズ,情報・通信業,-
4448.T,ｋｕｂｅｌｌ,情報・通信業,-
4450.T,パワーソリューションズ,情報・通信業,-
446A.T,ノースサンド,サービス業,-
4475.T,ＨＥＮＮＧＥ,情報・通信業,-
4476.T,ＡＩ　ＣＲＯＳＳ,情報・通信業,-
4477.T,ＢＡＳＥ,情報・通信業,-
4478.T,フリー,情報・通信業,-
4479.T,マクアケ,情報・通信業,-
4482.T,ウィルズ,情報・通信業,-
4484.T,ランサーズ,情報・通信業,-
4486.T,ユナイトアンドグロウ,情報・通信業,-
4487.T,スペースマーケット,情報・通信業,-
4488.T,ＡＩ　ｉｎｓｉｄｅ,情報・通信業,-
4490.T,ビザスク,情報・通信業,-
4493.T,サイバーセキュリティクラウド,情報・通信業,-
4495.T,アイキューブドシステムズ,情報・通信業,-
4496.T,コマースＯｎｅホールディングス,情報・通信業,-
4498.T,サイバートラスト,情報・通信業,-
4563.T,アンジェス,医薬品,-
4564.T,オンコセラピー・サイエンス,医薬品,-
456A.T,ＨＵＭＡＮ　ＭＡＤＥ,小売業,-
4570.T,免疫生物研究所,医薬品,-
4571.T,ＮＡＮＯホールディングス,医薬品,-
4572.T,カルナバイオサイエンス,医薬品,-
4575.T,キャンバス,医薬品,-
4576.T,デ・ウエスタン・セラピテクス研究所,医薬品,-
4579.T,ラクオリア創薬,医薬品,-
4582.T,シンバイオ製薬,医薬品,-
4583.T,カイオム・バイオサイエンス,医薬品,-
4584.T,キッズウェル・バイオ,医薬品,-
4586.T,メドレックス,医薬品,-
4588.T,オンコリスバイオファーマ,医薬品,-
4591.T,リボミック,医薬品,-
4592.T,サンバイオ,医薬品,-
4593.T,ヘリオス,医薬品,-
4594.T,ブライトパス・バイオ,医薬品,-
4596.T,窪田製薬ホールディングス,医薬品,-
4597.T,ソレイジア・ファーマ,医薬品,-
4598.T,Ｄｅｌｔａ－Ｆｌｙ　Ｐｈａｒｍａ,医薬品,-
4599.T,ステムリム,医薬品,-
460A.T,ＢＲＡＮＵ,情報・通信業,-
462A.T,ＦＵＮＤＩＮＮＯ,証券、商品先物取引業,-
464A.T,ＱＰＳホールディングス,情報・通信業,-
469A.T,フィットクルー,サービス業,-
472A.T,ミラティブ,情報・通信業,-
4772.T,ＳＭ　ＥＮＴＥＲＴＡＩＮＭＥＮＴ　ＪＡＰＡＮ,情報・通信業,-
477A.T,スタートライン,サービス業,-
478A.T,フツパー,情報・通信業,-
479A.T,ＰＲＯＮＩ,情報・通信業,-
480A.T,リブ・コンサルティング,サービス業,-
4811.T,ドリーム・アーツ,情報・通信業,-
4833.T,Ｄｅｆ　ｃｏｎｓｕｌｔｉｎｇ,サービス業,-
485A.T,パワーエックス,電気機器,-
4881.T,ファンペップ,医薬品,-
4882.T,ペルセウスプロテオミクス,医薬品,-
4883.T,モダリス,医薬品,-
4884.T,クリングルファーマ,医薬品,-
4888.T,ステラファーマ,医薬品,-
4889.T,レナサイエンス,医薬品,-
4890.T,坪田ラボ,医薬品,-
4891.T,ティムス,医薬品,-
4892.T,サイフューズ,医薬品,-
4893.T,ノイルイミューン・バイオテック,医薬品,-
4894.T,クオリプス,医薬品,-
4896.T,ケイファーマ,医薬品,-
4934.T,プレミアアンチエイジング,化学,-
4937.T,Ｗａｑｏｏ,化学,-
4978.T,リプロセル,化学,-
5025.T,マーキュリー,情報・通信業,-
5026.T,トリプルアイズ,情報・通信業,-
5027.T,ＡｎｙＭｉｎｄ　Ｇｒｏｕｐ,情報・通信業,-
5028.T,セカンドサイトアナリティカ,情報・通信業,-
5029.T,サークレイス,情報・通信業,-
5031.T,モイ,情報・通信業,-
5033.T,ヌーラボ,情報・通信業,-
5034.T,ｕｎｅｒｒｙ,情報・通信業,-
5035.T,ＨＯＵＳＥＩ,情報・通信業,-
5038.T,ｅＷｅＬＬ,情報・通信業,-
504A.T,イノバセル,医薬品,-
5125.T,ファインズ,情報・通信業,-
5126.T,ポーターズ,情報・通信業,-
5129.T,ＦＩＸＥＲ,情報・通信業,-
5131.T,リンカーズ,情報・通信業,-
5132.T,ｐｌｕｓｚｅｒｏ,情報・通信業,-
5134.T,ＰＯＰＥＲ,情報・通信業,-
5136.T,ｔｒｉｐｌａ,情報・通信業,-
5137.T,スマートドライブ,情報・通信業,-
5138.T,Ｒｅｂａｓｅ,情報・通信業,-
5139.T,オープンワーク,情報・通信業,-
519A.T,ベーシック,情報・通信業,-
520A.T,ジェイファーマ,医薬品,-
523A.T,セイワホールディングス,金属製品,-
5240.T,ｍｏｎｏＡＩ　ｔｅｃｈｎｏｌｏｇｙ,情報・通信業,-
5242.T,アイズ,情報・通信業,-
5243.T,ｎｏｔｅ,情報・通信業,-
5244.T,ｊｉｇ．ｊｐ,情報・通信業,-
5246.T,ＥＬＥＭＥＮＴＳ,情報・通信業,-
5247.T,ＢＴＭ,情報・通信業,-
5248.T,テクノロジーズ,情報・通信業,-
5252.T,日本ナレッジ,情報・通信業,-
5253.T,カバー,情報・通信業,-
5254.T,Ａｒｅｎｔ,情報・通信業,-
5255.T,モンスターラボ,情報・通信業,-
5256.T,Ｆｕｓｉｃ,情報・通信業,-
5258.T,トランザクション・メディア・ネットワークス,情報・通信業,-
542A.T,ビタブリッドジャパン,化学,-
5527.T,ｐｒｏｐｅｒｔｙ　ｔｅｃｈｎｏｌｏｇｉｅｓ,不動産業,-
5532.T,リアルゲイト,不動産業,-
5537.T,ＡｌｂａＬｉｎｋ,不動産業,-
554A.T,バトンズ,情報・通信業,-
556A.T,犬猫生活,小売業,-
5570.T,ジェノバ,情報・通信業,-
5572.T,Ｒｉｄｇｅ－ｉ,情報・通信業,-
5574.T,ＡＢＥＪＡ,情報・通信業,-
5575.T,Ｇｌｏｂｅｅ,情報・通信業,-
5578.T,ＡＲアドバンストテクノロジ,情報・通信業,-
5580.T,プロディライト,情報・通信業,-
5582.T,グリッド,情報・通信業,-
5586.T,Ｌａｂｏｒｏ．ＡＩ,情報・通信業,-
5587.T,インバウンドプラットフォーム,情報・通信業,-
5588.T,ファーストアカウンティング,情報・通信業,-
558A.T,ＳＱＵＥＥＺＥ,サービス業,-
5590.T,ネットスターズ,情報・通信業,-
5591.T,ＡＶＩＬＥＮ,情報・通信業,-
5592.T,くすりの窓口,情報・通信業,-
5597.T,ブルーイノベーション,情報・通信業,-
5599.T,Ｓ＆Ｊ,情報・通信業,-
5616.T,雨風太陽,情報・通信業,-
5618.T,ナイル,情報・通信業,-
5619.T,マーソ,情報・通信業,-
5621.T,ヒューマンテクノロジーズ,情報・通信業,-
5704.T,ＪＭＣ,非鉄金属,-
5834.T,ＳＢＩリーシングサービス,証券、商品先物取引業,-
5842.T,インテグラル,証券、商品先物取引業,-
5858.T,ＳＴＧ,非鉄金属,-
5867.T,エスネットワークス,サービス業,-
5870.T,ナルネットコミュニケーションズ,サービス業,-
5884.T,クラダシ,小売業,-
5888.T,ＤＡＩＷＡ　ＣＹＣＬＥ,小売業,-
5892.T,ｙｕｔｏｒｉ,小売業,-
6030.T,アドベンチャー,サービス業,-
6031.T,ＺＥＴＡ,サービス業,-
6033.T,エクストリーム,サービス業,-
6034.T,ＭＲＴ,サービス業,-
6038.T,イード,サービス業,-
6039.T,日本動物高度医療センター,サービス業,-
6040.T,日本スキー場開発,サービス業,-
6045.T,レントラックス,サービス業,-
6049.T,イトクロ,サービス業,-
6069.T,トレンダーズ,サービス業,-
6081.T,アライドアーキテクツ,サービス業,-
6085.T,アーキテクツ・スタジオ・ジャパン,サービス業,-
6086.T,シンメンテホールディングス,サービス業,-
6094.T,フリークアウト・ホールディングス,サービス業,-
6166.T,中村超硬,機械,-
6173.T,アクアライン,サービス業,-
6177.T,ＡｐｐＢａｎｋ,サービス業,-
6180.T,ＧＭＯメディア,サービス業,-
6181.T,タメニー,サービス業,-
6182.T,メタリアル,サービス業,-
6190.T,フェニックスバイオ,サービス業,-
6193.T,バーチャレクス・ホールディングス,サービス業,-
6195.T,ホープ,サービス業,-
6198.T,キャリア,サービス業,-
6224.T,ＪＲＣ,機械,-
6232.T,ＡＣＳＬ,機械,-
6255.T,エヌ・ピー・シー,機械,-
6521.T,オキサイド,電気機器,-
6522.T,アスタリスク,電気機器,-
6537.T,ＷＡＳＨハウス,サービス業,-
6545.T,インターネットインフィニティー,サービス業,-
6548.T,旅工房,サービス業,-
6554.T,エスユーエス,サービス業,-
6557.T,ＡＩＡＩグループ,サービス業,-
6558.T,クックビズ,サービス業,-
6561.T,ＨＡＮＡＴＯＵＲ　ＪＡＰＡＮ,サービス業,-
6562.T,ジーニー,サービス業,-
6563.T,みらいワークス,サービス業,-
6568.T,神戸天然物化学,サービス業,-
6573.T,ＣＲＡＶＩＡ,サービス業,-
6574.T,コンヴァノ,サービス業,-
6577.T,ベストワンドットコム,サービス業,-
6579.T,ログリー,サービス業,-
6580.T,ライトアップ,サービス業,-
6597.T,ＨＰＣシステムズ,電気機器,-
6612.T,バルミューダ,電気機器,-
6613.T,ＱＤレーザ,電気機器,-
6696.T,トラース・オン・プロダクト,電気機器,-
7031.T,インバウンドテック,サービス業,-
7036.T,イーエムネットジャパン,サービス業,-
7039.T,ブリッジインターナショナルグループ,サービス業,-
7041.T,ＣＲＧホールディングス,サービス業,-
7043.T,アルー,サービス業,-
7046.T,ＴＤＳＥ,サービス業,-
7047.T,ポート,サービス業,-
7048.T,ベルトラ,サービス業,-
7049.T,識学,サービス業,-
7050.T,フロンティアインターナショナル,サービス業,-
7061.T,日本ホスピスホールディングス,サービス業,-
7062.T,フレアス,サービス業,-
7063.T,Ｂｉｒｄｍａｎ,サービス業,-
7066.T,ピアズ,サービス業,-
7067.T,ブランディングテクノロジー,サービス業,-
7068.T,フィードフォースグループ,サービス業,-
7069.T,サイバー・バズ,サービス業,-
7072.T,インティメート・マージャー,サービス業,-
7073.T,ジェイック,サービス業,-
7074.T,トゥエンティーフォーセブンホールディングス,サービス業,-
7075.T,ＱＬＳホールディングス,サービス業,-
7077.T,ＡＬｉＮＫインターネット,サービス業,-
7078.T,ＩＮＣＬＵＳＩＶＥ　Ｈｏｌｄｉｎｇｓ,サービス業,-
7079.T,ＷＤＢココ,サービス業,-
7080.T,スポーツフィールド,サービス業,-
7082.T,ジモティー,サービス業,-
7083.T,ＡＨＣグループ,サービス業,-
7084.T,Ｓｍｉｌｅ　Ｈｏｌｄｉｎｇｓ,サービス業,-
7089.T,フォースタートアップス,サービス業,-
7090.T,リグア,サービス業,-
7091.T,リビングプラットフォーム,サービス業,-
7093.T,アディッシュ,サービス業,-
7094.T,ＮｅｘＴｏｎｅ,サービス業,-
7096.T,ステムセル研究所,サービス業,-
7097.T,さくらさくプラス,サービス業,-
7110.T,クラシコム,小売業,-
7112.T,キューブ,小売業,-
7114.T,フーディソン,卸売業,-
7119.T,ハルメクホールディングス,小売業,-
7133.T,ＨＹＵＧＡ　ＰＲＩＭＡＲＹ　ＣＡＲＥ,小売業,-
7138.T,ＴＯＲＩＣＯ,小売業,-
7140.T,ペットゴー,小売業,-
7317.T,松屋アールアンドディ,輸送用機器,-
7318.T,セレンディップ・ホールディングス,輸送用機器,-
7320.T,Ｓｏｌｖｖｙ,その他金融業,-
7325.T,アイリックコーポレーション,保険業,-
7326.T,ＳＢＩインシュアランスグループ,保険業,-
7343.T,ブロードマインド,保険業,-
7345.T,アイ・パートナーズフィナンシャル,その他金融業,-
7351.T,グッドパッチ,サービス業,-
7352.T,ＴＷＯＳＴＯＮＥ＆Ｓｏｎｓ,サービス業,-
7353.T,ＫＩＹＯラーニング,サービス業,-
7356.T,Ｒｅｔｔｙ,サービス業,-
7359.T,東京通信グループ,サービス業,-
7360.T,オンデック,サービス業,-
7361.T,ヒューマンクリエイションホールディングス,サービス業,-
7362.T,Ｔ．Ｓ．Ｉ,サービス業,-
7363.T,ベビーカレンダー,サービス業,-
7369.T,メイホーホールディングス,サービス業,-
7370.T,Ｅｎｊｉｎ,サービス業,-
7371.T,Ｚｅｎｋｅｎ,サービス業,-
7372.T,デコルテ・ホールディングス,サービス業,-
7373.T,アイドマ・ホールディングス,サービス業,-
7374.T,コンフィデンス・インターワークス,サービス業,-
7375.T,リファインバースグループ,サービス業,-
7376.T,ＢＣＣ,サービス業,-
7378.T,アシロ,サービス業,-
7409.T,ＡｅｒｏＥｄｇｅ,輸送用機器,-
7674.T,ＮＡＴＴＹ　ＳＷＡＮＫＹホールディングス,小売業,-
7685.T,ＢｕｙＳｅｌｌ　Ｔｅｃｈｎｏｌｏｇｉｅｓ,卸売業,-
7687.T,ミクリード,卸売業,-
7689.T,コパ・コーポレーション,卸売業,-
7694.T,いつも,小売業,-
7695.T,交換できるくん,小売業,-
7707.T,プレシジョン・システム・サイエンス,精密機器,-
7774.T,ジャパン・ティッシュエンジニアリング,精密機器,-
7776.T,セルシード,精密機器,-
7777.T,スリー・ディー・マトリックス,精密機器,-
7779.T,ＣＹＢＥＲＤＹＮＥ,精密機器,-
7792.T,コラントッテ,その他製品,-
7793.T,イメージ・マジック,その他製品,-
7794.T,イーディーピー,その他製品,-
7803.T,ブシロード,その他製品,-
7806.T,ＭＴＧ,その他製品,-
8938.T,グローム・ホールディングス,不動産業,-
9158.T,シーユーシー,サービス業,-
9159.T,Ｗ　ＴＯＫＹＯ,サービス業,-
9162.T,ブリーチ,サービス業,-
9163.T,ナレルグループ,サービス業,-
9165.T,クオルテック,サービス業,-
9166.T,ＧＥＮＤＡ,サービス業,-
9168.T,ライズ・コンサルティング・グループ,サービス業,-
9204.T,スカイマーク,空運業,-
9211.T,エフ・コード,サービス業,-
9212.T,Ｇｒｅｅｎ　Ｅａｒｔｈ　Ｉｎｓｔｉｔｕｔｅ,サービス業,-
9214.T,Ｒｅｃｏｖｅｒｙ　Ｉｎｔｅｒｎａｔｉｏｎａｌ,サービス業,-
9215.T,ＣａＳｙ,サービス業,-
9218.T,メンタルヘルステクノロジーズ,サービス業,-
9219.T,ギックス,サービス業,-
9223.T,ＡＳＮＯＶＡ,サービス業,-
9225.T,ブリッジコンサルティンググループ,サービス業,-
9227.T,マイクロ波化学,サービス業,-
9235.T,売れるネット広告社グループ,サービス業,-
9236.T,ジャパンＭ＆Ａソリューション,サービス業,-
9237.T,笑美面,サービス業,-
9238.T,バリュークリエーション,サービス業,-
9240.T,デリバリーコンサルティング,サービス業,-
9241.T,フューチャーリンクネットワーク,サービス業,-
9242.T,メディア総研,サービス業,-
9244.T,デジタリフト,サービス業,-
9245.T,リベロ,サービス業,-
9246.T,プロジェクトホールディングス,サービス業,-
9250.T,ＧＲＣＳ,サービス業,-
9251.T,ＡＢ＆Ｃｏｍｐａｎｙ,サービス業,-
9252.T,ラストワンマイル,サービス業,-
9253.T,スローガン,サービス業,-
9254.T,ラバブルマーケティンググループ,サービス業,-
9256.T,サクシード,サービス業,-
9258.T,ＣＳ－Ｃ,サービス業,-
9259.T,タカヨシホールディングス,サービス業,-
9270.T,バリュエンスホールディングス,卸売業,-
9271.T,和心,小売業,-
9272.T,ブティックス,サービス業,-
9326.T,関通ホールディングス,倉庫・運輸関連業,-
9330.T,揚羽,サービス業,-
9331.T,キャスター,サービス業,-
9337.T,トリドリ,サービス業,-
9338.T,ＩＮＦＯＲＩＣＨ,サービス業,-
9342.T,スマサポ,サービス業,-
9343.T,アイビス,サービス業,-
9344.T,アクシスコンサルティング,サービス業,-
9345.T,ビズメイツ,サービス業,-
9346.T,ココルポート,サービス業,-
9348.T,ｉｓｐａｃｅ,サービス業,-
9467.T,アルファポリス,情報・通信業,-
9553.T,マイクロアド,サービス業,-
9554.T,ＡＶｉＣ,サービス業,-
9556.T,ＩＮＴＬＯＯＰ,サービス業,-
9557.T,エアークローゼット,サービス業,-
9558.T,ジャパニアス,サービス業,-
9560.T,プログリット,サービス業,-
9561.T,グラッドキューブ,サービス業,-
9562.T,ビジネスコーチ,サービス業,-
9563.T,Ａｔｌａｓ　Ｔｅｃｈｎｏｌｏｇｉｅｓ,サービス業,-
9565.T,ＧＬＯＥ,サービス業,-
